client_id,first_name,last_name,phone_number,home_branch,account_type,balance
1,Ryan,Williams,289-555-1942,Burlington,Chequing,42
2,Steve,Fisher,289-555-2461,Oakville,Chequing,83929
3,Puneet,Puneetington,289-555-2991,Mississauga,Savings,8923
4,Hamzy,Hamzer,289-555-9835,Oakville,Chequing,23222
5,Yusen,McYusen,289-555-2348,Brampton,Savings,11324
6,James,Toney,289-555-8596,Peterborough,Savings,5743
7,Max,Holloway,289-555-9879,Hamilton,Savings,82
8,Leon,Edwards,289-555-2329,Toronto,Chequing,9038
9,Francis,Ngannou,289-555-8745,Ottawa,Savings,239
10,Alex,Pereira,289-555-3421,Oakville,Chequing,1453
