location_id,client_id,address,city,province,country
1,1,81 Tollgate Rd W,Burlington,ON,Canada
2,2,2959 Rue Sherbrooke Est,Oakville,ON,Canada
3,3,552 Sainte-Catherine St E,Mississauga,ON,Canada
4,4,5145 Rue Wellington,Oakville,ON,Canada
5,5,1595 Jean Talon E,Brampton,ON,Canada
6,6,20112 Industrial Ave,Peterborough,ON,Canada
7,7,1423 Grahams Ln,Hamilton,ON,Canada
8,8,Suite 105-14770 64 Ave,Toronto,ON,Canada
9,9,3560 Victoria Park Ave,Ottawa,ON,Canada
10,10,1750 The Queensway,Oakville,ON,Canada
